Disease,Model,Accuracy,Precision,Recall,F1-Score,ROC-AUC
Diabetes,Neural Network (MLP),0.880098452883263,0.6353591160220995,0.5239179954441914,0.5742821473158551,0.7774615337257705
Heart Disease,Neural Network (MLP),0.6997187060478199,0.6796727501573316,0.7578947368421053,0.7166556071665561,0.7802959830866807
